rank,title,price,piece
1,[NEW] 메디힐 티트리 에센셜 마스크 20매입,40000,20매
2,[NEW] 메디힐 마데카소사이드 에센셜 마스크 10매입,20000,10매
3,[미백탄력] 메디앤서 비타 콜라겐 마스크 5매,30000, 5매
4,아비브 약산성 pH 시트 마스크 어성초 핏 10P,40000,
5,[NEW] 메디힐 워터마이드 에센셜 마스크 10매입,20000,10매
6,브링그린 90% 프레시 마스크 5종 택1,1800,
7,[NEW] 메디힐 티트리 에센셜 마스크 1매,2000, 1매
8,아비브 껌딱지 시트마스크 어성초스티커 27ml,4000,
9,듀이셀 마스크팩 5P,33000,
10,넘버즈인 3번 참은만큼 보들보들 결세럼팩 1매,4000, 1매
11,[NEW] 메디힐 콜라겐 에센셜 마스크 20매입,40000,20매
12,토리든 다이브인 저분자 히알루론산 마스크 10매,30000,10매
13,더마픽스 퍼펙트 리얼 퍼포먼스 콜라겐 100 1+1기획,13000,
14,넘버즈인 4번 SOS 응급진정 얼음장팩 1매,4000, 1매
15,[한정기획] 토리든 다이브인 저분자 히알루론산 마스크 5+1매 기획,15000,+1매
16,[NEW] 리얼베리어 아쿠아 수딩 앰플 마스크 5매 기획,12000, 5매
17,더마픽스 퍼펙트 리얼 퍼포먼스 비타콜라겐 1+1기획,13000,
18,아비브 약산성 pH 시트 마스크 어성초 핏 5매입,20000, 5매
19,[NEW] 메디힐 비타 에센셜 마스크 1매,2000, 1매
20,AHC 마이크로 퓨어 워터 착붙 마스크 시트 33ml 10매,30000,10매
21,[NEW] 리얼베리어 익스트림 크림 마스크 5매 기획,12000, 5매
22,[NEW] 메디힐 더 N.M.F 앰플 마스크 10매입,30000,10매
23,라운드랩 1025 독도 수분 워터겔 마스크 10매,40000,10매
24,[NEW] 메디힐 콜라겐 에센셜 마스크 1매,2000, 1매
25,[모공탄력]메디앤서 포어 콜라겐 마스크 1매,6000, 1매
26,메디힐 W.H.P 미백수분 숯 마스크 10p,30000,
27,[NEW]메디힐 콜라겐 누드 겔 마스크 10매입,40000,10매
28,[NEW] 메디힐 워터마이드 에센셜 마스크 1매,2000, 1매
29,[NEW] 메디힐 더 E.G.T 앰플 마스크 10매입,30000,10매
30,바이오힐보 판테놀시카블레미쉬 앰플수딩마스크(30매입),26000,30매
31,얼트루 아임쏘리포마이스킨 릴렉싱 젤리마스크 10매,30000,10매
32,[NEW]메디힐 NMF 누드 겔 마스크 1매,4000, 1매
33,아비브 껌딱지 시트 마스크 히알루론 스티커 10매,40000,10매
34,메디힐 캡슐100 바이오세컨덤 클리어 알파 10P,50000,
35,메디힐 캡슐100 바이오 세컨덤 하이드로 베타,5000,
36,[단독10매입] 브링그린 90% 프레시 마스크 10매입 5종 택1,16000,10매
37,더마픽스 퍼펙트 리얼 퍼포먼스 시카콜라겐 1+1기획,13000,
38,구달 청귤 비타C 잡티케어 세럼마스크 4매입,8000, 4매
39,라운드랩 자작나무 수분 마스크,3000,
40,차앤박(CNP) 퀵수딩 S.O.S 마스크 트리플 기획 (본품1매x3+1매 증정),12000,품1매
41,페이스인페이스 아쿠아 샤워룩 하이드로겔 마스크,3000,
42,[NEW] 메디힐 대나무 숯 4D 블랙 마스크 10매,30000,10매
43,더마토리 프로 시카 징크덤 밴드마스크 1매,4000, 1매
44,닥터자르트 시카페어 세럼 마스크,6500,
45,[피부특화 DNA성분] 리쥬란힐러 퍼펙트 힐링 V 타이터 4매,43000, 4매
46,닥터지 로얄블랙 스네일크림 마스크 16g 5매기획,30000, 5매
47,FIF 저분자 히알루론 앰플마스크 10P,40000,
48,[단독기획] 더마토리 프로 시카 징크덤 밴드마스크 5매 기획,20000, 5매
49,듀이트리 픽 앤 퀵 뽑아쓰는 화장발 마스크 더블 기획 (30매+30매),36800,30매
50,닥터자르트 세라마이딘 마스크,6500,
51,[피부특화 DNA성분]리쥬란힐러 힐링 마스크 5매,33000, 5매
52,[단독기획] 넘버즈인 3번 참은만큼 보들보들 결세럼팩 기획 (4매+1매),16000,(4매
53,듀이트리 AC컨트롤 이엑스 딥 마스크 더블기획 (2매+2매),5400,(2매
54,[소유 Pick] 콤마나인 포어 타이트닝 그린 클레이 마스크 1매,6000, 1매
55,메디힐 티트리 안티더스트 카밍 마스크 10P,20000,
56,[NEW] 메디힐 모공톡스 탄산 버블 시트 10매,30000,10매
57,메디힐 H.D.P 포어스탬핑 블랙 마스크 10P,30000,
58,아비브 껌딱지 시트 마스크 밀크 스티커 10P,40000,
59,메디힐 WHP 미백수분 블랙마스크 EX,3000,
60,듀이트리 아쿠아 딥 마스크 10매,30000,10매
61,듀이트리 픽 앤 퀵 뽑아쓰는 마스크 (카밍풀),23000,
62,피지오겔 DMT 크림 마스크,5000,
63,[미백탄력] 메디앤서 비타 콜라겐 마스크 1매,6000, 1매
64,아누아 어성초 80 수분 진정 앰플 마스크 10매,50000,10매
65,달바 화이트 트러플 너리싱 트리트먼트 마스크 5매,25000, 5매
66,리얼베리어 익스트림 크림 마스크 27ml,3000,
67,닥터자르트 크라이오 러버 수딩 알란토인,14000,
68,듀이트리 AC컨트롤 딥 마스크 더블 기획 (1매+1매),3000,(1매
69,아누아 어성초 크림마스크 나이트 솔루션 1매,4000, 1매
70,아비브 약산성 pH 시트 마스크 부활초 핏 10P,40000,
71,[잡티마스크] 아이소이 불가리안 로즈 블레미쉬 케어 마스크,5000,
72,[NEW] 메디힐 닥나무 4D 화이트 마스크 10매,30000,10매
73,마녀공장 비피다 바이옴 앰플 마스크 피부장벽 10매,30000,10매
74,더마토리 프로 아쿠아 히알덤 밴드마스크 1매,4000, 1매
75,닥터자르트 더마스크 워터젯 수딩 하이드라 솔루션,5500,
76,닥터자르트 크라이오 러버 퍼밍 콜라겐,14000,
77,제이준 파밍프레시 데일리 필링 수분 충전 뽑아쓰는 마스크팩 30매,24000,30매
78,더랩바이블랑두 그린 플라보노이드 씬진정 마스크팩 1매,3000, 1매
79,라운드랩 해풍쑥 진정 마스크 10매,30000,10매
80,[NEW]메디힐 티트리 누드 겔 마스크 10매입,40000,10매
81,[NEW] 메디힐 티트리 에센셜 마스크 10매입,20000,10매
82,아비브 껌딱지 시트 마스크 어성초 스티커 10매입,40000,10매
83,듀이셀 리프팅 마스크 4P,39000,
84,다자연 어성초 마스크 5매,5000, 5매
85,[NEW] 메디힐 더 N.M.F 앰플 마스크 1매,3000, 1매
86,[주름탄력] 메디앤서 리얼 스킨핏 콜라겐 마스크 1매,5000, 1매
87,[담쓰PICK] CKD 레티노콜라겐 저분자300 모공탄력 마스크 4+1 기획,20000,
88,로벡틴 닥터마스크 포어 5매,15000, 5매
89,더랩바이블랑두 저분자 히알루론산 쏙수분 마스크팩 1매,3000, 1매
90,퓨처 프란츠 AC케어 이온셀 듀얼마스크 3개입,33000,
91,퓨처 프란츠 집중케어 이온셀 듀얼마스크 3개입,33000,
92,아비브 약산성 pH 시트 마스크 아쿠아 핏 1매,4000, 1매
93,듀이트리 픽 앤 퀵 투윅스 수딩 마스크 (진정),12000,
94,차앤박(CNP) 프로폴리스 에너지 액티브 앰플 마스크 1매,4000, 1매
95,아누아 어성초 77 진정 마스크 1매,4000, 1매
96,[NEW] 메디힐 더 I.P.I 앰플 마스크 10매입,30000,10매
97,리얼베리어 익스트림 크림 마스크 27ml 10매,30000,10매
98,다자연 어성초 마스크 10매,15000,10매
99,메이크프렘 세이프 미 릴리프 모이스처 마스크 10P,30000,
100,메디힐 디:엔에이 프로아틴 마스크 10P,30000,
